Timestamp,Average Water Speed,Average Water Direction,Chlorophyll,Temperature,Dissolved Oxygen,Dissolved Oxygen (%Saturation),pH,Salinity,Specific Conductance,Turbidity,zscore_anomaly,iso_anomaly,ae_anomaly
2024-02-16 05:00:00,17.971,16.339,1.973,27.431,5.837,87.847,7.969,31.126,47.88,3.83,0,0,0
2024-03-24 02:40:00,20.617,259.279,3.77,23.789,6.817,94.952,8.099,28.448,44.066,2.621,0,0,0
2023-08-27 10:00:00,4.152,256.209,2.141,20.113,7.283,98.997,8.101,35.569,53.74,2.286,0,0,0
2023-08-14 08:30:00,7.504,355.029,2.482,20.101,6.559,92.235,8.137,35.178,53.213,4.135,0,0,0
2024-03-16 03:50:00,8.989,343.492,0.86,25.858,6.41,93.698,8.086,30.658,47.181,2.533,0,0,0
2023-09-22 23:00:00,5.518,52.766,3.798,21.29,7.054,98.117,8.06,35.855,54.134,3.751,0,0,0
2024-02-08 08:30:00,6.703,45.975,2.264,27.529,6.375,94.196,7.971,27.564,42.95,3.05,0,0,0
2024-06-22 05:00:00,12.831,89.514,0.808,17.405,6.511,81.122,8.152,29.502,45.464,2.47,0,0,0
2024-03-19 03:10:00,11.668,313.428,1.284,25.84,6.547,94.989,8.097,29.403,45.448,2.133,0,0,0
2023-08-13 16:00:00,5.301,99.78,2.871,21.222,7.48,103.49,8.135,35.138,53.169,2.093,0,0,0
2023-11-16 00:00:00,20.941,266.865,2.835,26.178,6.429,97.194,8.023,35.676,54.013,4.86,0,0,0
2023-10-28 05:00:00,2.343,307.384,1.34,22.317,6.273,92.205,8.033,35.912,54.551,4.084,0,0,0
2023-09-03 06:30:00,1.682,353.185,1.861,21.065,6.488,92.964,8.075,35.445,53.58,2.765,0,0,0
2024-06-17 04:20:00,19.496,281.121,1.348,17.164,6.921,85.742,8.18,29.306,45.194,2.503,0,0,0
2024-03-29 18:10:00,29.353,267.495,7.109625,26.194,7.967,113.059,8.113,24.388,38.429,3.149,0,0,0
2024-01-06 02:40:00,41.339,334.359,7.109625,27.419,7.117,103.605,8.156,29.174,39.661,3.731,0,0,0
2024-06-24 09:30:00,3.29,53.418,1.096,17.002,7.074,86.224,8.177,29.474,45.439,2.974,0,0,0
2024-05-21 09:10:00,24.084,182.156,2.496,19.418,7.029,90.826,8.194,29.179,45.012,3.922,0,0,0
2023-11-24 09:30:00,23.174,227.987,1.433,25.276,6.134,93.548,7.987,35.72,54.043,6.964,0,0,1
2024-06-14 09:20:00,4.934,149.942,1.119,17.373,7.0,87.182,8.178,29.513,45.479,2.737,0,0,0
2024-03-17 11:20:00,23.527,99.544,1.08,24.47,6.947,97.413,8.095,27.554,42.837,2.512,0,0,0
2024-03-24 16:50:00,23.874,40.061,4.129,23.627,7.873,109.489,8.152,28.677,44.38,2.974,0,0,0
2024-03-31 07:50:00,14.609,299.543,3.687,24.356,6.412,88.507,8.08,25.143,39.447,2.833,0,0,0
2023-10-09 02:30:00,4.974,65.952,2.467,20.765,7.013,96.516,8.039,35.659,53.865,2.566,0,0,0
2024-03-12 09:50:00,6.266,111.576,1.825,24.611,6.913,98.113,8.097,29.233,45.177,3.059,0,0,0
2024-03-06 04:30:00,11.089,101.472,1.768,25.912,6.535,95.788,8.147,30.985,47.633,2.764,0,0,0
2023-12-10 16:30:00,17.124,266.738,4.142,27.983,6.49,103.081,7.976,35.995,54.608,3.393,0,0,0
2024-04-16 06:00:00,27.933,298.981,4.089,24.617,6.555,94.193,8.138,31.364,48.112,7.098875,0,0,0
2023-12-10 21:30:00,4.815,132.355,3.301,27.983,6.281,98.947,7.984,35.995,54.608,2.841,0,0,0
2024-02-10 06:50:00,13.826,94.73,3.707,27.184,6.2,91.46,7.94,28.28,43.936,4.445,0,0,0
2023-12-18 08:40:00,49.18275,69.294,1.112,27.994,6.09,94.788,7.948,35.824,54.283,1.467,0,0,0
2023-08-26 10:00:00,2.444,238.977,2.607,20.093,7.169,97.403,8.098,35.555,53.721,2.634,0,0,0
2024-02-18 08:50:00,12.561,226.103,7.109625,25.984,7.314,99.761,7.974,20.175499999999996,32.10987500000001,7.049,1,1,0
2024-02-21 11:10:00,44.133,358.685,1.739,28.547,6.104,91.178,7.999,26.457,41.434,3.018,0,0,0
2024-04-08 05:40:00,7.89,118.32,3.499,26.754,5.839,87.746,8.165,32.887,50.263,4.092,0,0,0
2024-06-23 05:00:00,15.388,103.626,1.512,17.007,6.849,83.702,8.171,29.496,45.467,2.814,0,0,0
2024-02-23 22:00:00,10.567,195.638,2.959,29.513,6.131,95.802,8.062,31.755,48.829,3.146,0,0,0
2023-12-26 09:30:00,9.28,326.18,1.351,27.656,6.026,95.362,7.978,33.777,51.506,3.88,0,0,0
2024-04-02 02:30:00,14.909,260.74,3.365,25.449,6.655,94.22,8.104,26.232,41.012,3.24,0,0,0
2024-02-29 00:30:00,14.584,75.952,1.272,29.14,6.201,95.533,8.062,30.286,46.793,7.098875,0,0,0
2024-02-21 07:50:00,2.183,194.39,2.25,27.331,6.053,88.324,8.026,25.904,40.612,3.197,0,0,0
2024-05-26 12:00:00,16.073,212.368,2.262,20.785,7.914,104.445,8.146,28.457,44.022,7.098875,0,0,0
2023-11-01 16:00:00,1.511,126.403,3.224,23.3,6.78,97.987,8.044,35.912,54.834,5.618,0,0,1
2023-12-16 00:00:00,9.709,34.404,0.829,27.625,6.087,92.63,7.993,35.866,54.324,1.044,0,0,0
2024-03-27 21:20:00,32.304,311.117,4.002,24.526,6.892,95.095,8.032,24.556,38.62,5.222,0,0,0
2023-12-16 16:10:00,7.009,172.4,3.098,27.982,6.748,106.505,7.982,35.938,54.466,1.239,0,0,0
2023-10-28 19:00:00,1.072,158.728,2.51,22.933,7.164,102.772,8.08,35.912,54.614,5.103,0,0,0
2023-12-14 19:40:00,23.054,342.823,1.178,27.991,6.589,103.065,7.998,35.995,54.847,1.465,0,0,0
2024-02-08 00:20:00,6.697,306.855,3.157,28.337,6.374,95.157,7.971,27.002,42.193,3.42,0,0,0
2024-01-26 01:50:00,10.036,209.501,2.399,27.874,6.229,92.117,7.906,30.871,47.574,2.201,0,0,0
2024-02-01 03:40:00,12.72,262.354,4.628,25.692,6.656,92.04,7.922,29.194,32.10987500000001,5.514,0,0,0
2023-12-16 11:40:00,10.556,158.348,0.717,27.982,6.013,92.508,7.964,35.988,54.605,2.22,0,0,0
2024-01-20 07:50:00,24.107,356.241,3.452,27.842,6.039,92.457,7.941,30.621,47.243,4.632,0,0,0
2024-01-04 07:00:00,44.162,331.516,3.631,25.091,7.218,95.393,7.914,31.473,32.10987500000001,4.9,0,0,1
2024-03-15 21:00:00,18.846,3.992,1.614,26.92,6.631,98.655,8.073,30.619,47.165,2.99,0,0,0
2023-12-20 18:30:00,26.218,293.453,1.283,27.978,6.321,95.16,7.949,35.547,53.967,1.066,0,0,0
2024-01-17 21:10:00,13.415,340.75,6.018,27.931,6.02,93.021,7.911,30.298,46.776,4.936,0,0,0
2024-02-06 07:20:00,4.923,251.874,1.473,30.091,5.134,80.791,7.875,31.31,48.243,3.304,0,0,0
2024-05-30 12:30:00,9.675,211.613,6.879,21.018,7.351,96.82,8.151,27.37,42.509,3.684,0,0,0
2024-04-16 01:00:00,47.178,311.848,5.315,25.254,6.691,97.204,8.139,31.387,48.163,3.309,0,0,0
2024-03-01 14:00:00,25.247,224.031,1.361,29.564,6.234,97.211,8.094,31.238,48.122,2.54,0,0,0
2024-01-17 21:20:00,19.58,173.951,5.612,27.931,6.02,93.021,7.911,30.34,46.833,3.621,0,0,0
2024-06-06 05:00:00,7.318,100.144,1.603,19.219,7.041,90.358,8.187,28.656,44.286,7.098875,0,0,0
2024-01-15 20:10:00,21.913,190.359,5.308,27.32,6.374,94.315,7.926,28.436,44.158,3.614,0,0,0
2024-01-03 21:40:00,4.545,42.809,4.584,26.623,7.571,102.205,7.927,31.473,32.10987500000001,6.605,0,0,0
2024-04-15 20:30:00,11.284,143.565,3.904,25.819,7.06,103.599,8.151,31.454,48.273,4.257,0,0,0
2024-01-27 07:20:00,3.777,59.298,1.351,27.954,6.061,94.076,7.91,32.202,49.404,2.813,0,0,0
2023-10-03 21:30:00,11.307,39.621,3.668,23.713,6.995,101.417,8.016,35.674,53.936,2.506,0,0,0
2023-10-13 05:30:00,4.621,79.468,2.453,22.977,6.268,92.824,8.001,35.95,54.29,1.933,0,0,0
2024-01-09 14:20:00,34.642,181.48,4.822,27.982,7.167,109.712,8.015,31.479,48.401,3.279,0,0,0
2024-01-16 03:00:00,15.286,135.106,2.932,26.562,6.54,93.54,7.901,28.69,38.835,4.853,0,0,0
2024-03-08 23:40:00,5.718,92.739,1.581,25.982,6.682,98.059,8.14,30.975,47.621,2.739,0,0,0
2023-11-22 22:30:00,43.804,213.093,3.246,25.062,6.875,101.797,8.025,35.316,53.492,4.044,0,0,0
2024-01-07 11:00:00,27.114,177.458,7.109625,25.763,8.176,111.444,8.177,29.174,37.092,3.727,0,0,0
2024-05-21 03:20:00,41.677,113.658,1.015,19.73,6.568,85.339,8.154,29.115,44.925,7.098875,0,0,0
2024-05-22 07:30:00,26.357,184.546,1.065,19.364,6.856,88.373,8.161,28.92,44.653,5.998,0,0,0
2024-06-20 19:50:00,22.922,170.591,2.439,17.673,7.549,94.466,8.208,29.366,45.273,2.926,0,0,0
2024-06-26 12:10:00,6.916,320.594,1.744,18.538,7.912,100.566,8.197,29.204,45.045,3.482,0,0,0
2024-06-14 01:30:00,10.858,306.578,0.971,17.902,6.488,81.644,8.151,29.545,45.52,2.661,0,0,0
2024-02-17 02:30:00,5.283,166.091,3.223,25.013,6.405,88.083,7.966,22.451,35.629,6.108,0,0,0
2024-05-22 12:50:00,30.155,133.946,1.207,20.211,7.426,97.284,8.172,29.006,44.778,4.048,0,0,0
2024-03-16 19:40:00,19.571,260.592,1.406,25.872,6.754,98.521,8.084,30.25,46.62,2.237,0,0,0
2023-10-22 20:30:00,4.815,250.967,5.442,24.768,7.724,109.958,8.107,35.903,54.8,4.747,0,0,1
2023-09-14 18:30:00,14.36,44.466,2.875,21.66,7.734,108.213,8.089,35.753,54.001,3.097,0,0,0
2024-02-04 23:10:00,1.812,275.013,2.219,29.964,4.775,79.38487500000002,7.92,31.33,48.265,3.087,1,0,0
2024-05-30 13:10:00,15.477,199.286,7.109625,21.065,7.795,102.866,8.17,27.571,42.79,4.928,0,0,0
2024-06-08 09:10:00,31.207,220.637,2.731,17.354,7.346,90.931,8.208,28.571,44.171,2.49,0,0,0
2024-04-04 05:50:00,8.583,210.53,2.585,26.517,5.857,87.316,8.133,32.169,49.275,3.012,0,0,0
2024-04-07 00:20:00,32.557,307.268,3.363,27.056,5.926,89.037,8.132,31.954,49.001,7.098875,0,0,0
2023-12-16 17:10:00,34.941,231.693,5.122,27.982,7.295,107.384,8.019,35.896,54.42,1.549,0,0,0
2023-10-27 15:30:00,3.516,24.532,3.801,24.361,6.824,100.289,8.038,35.912,54.527,6.167,0,0,0
2023-11-09 00:30:00,22.808,109.063,2.732,23.931,6.203,98.513,7.984,35.038,53.085,4.44,0,0,1
2024-06-21 04:50:00,12.38,347.836,0.841,17.0,6.282,79.38487500000002,8.135,29.449,45.395,2.535,0,0,0
2023-08-21 21:30:00,7.106,62.562,4.071,19.844,7.348,99.326,8.152,35.458,53.589,1.855,0,0,0
2023-11-24 21:00:00,9.45,189.814,1.736,25.785,6.391,96.023,7.98,35.708,54.043,6.964,0,0,1
2023-10-16 12:00:00,11.367,295.518,2.771,24.851,7.633,109.623,8.076,35.903,54.604,1.79,0,0,0
2023-12-26 03:50:00,32.588,272.244,1.723,27.447,6.003,92.067,7.972,33.363,50.937,0.902,0,0,0
2023-09-07 03:00:00,2.489,157.416,3.063,21.705,6.508,93.736,8.05,35.232,53.301,1.836,0,0,0
2023-10-05 04:30:00,2.355,222.687,1.24,23.349,6.149,93.329,7.984,35.692,53.951,2.555,0,0,0
2023-11-28 23:30:00,14.236,107.479,1.765,25.166,6.034,92.258,7.959,35.532,53.786,2.943,0,0,0
2024-01-23 08:00:00,18.89,307.679,3.433,27.842,6.005,92.444,7.988,30.825,47.507,4.233,0,0,0
2024-04-03 01:40:00,5.253,136.693,3.915,26.649,6.473,95.145,8.143,29.253,45.268,2.833,0,0,0
2023-10-30 10:00:00,26.883,303.513,0.661,22.932,6.442,92.449,8.038,35.912,54.698,7.098875,0,0,0
2024-01-17 11:10:00,18.127,342.554,6.054,27.931,6.816,100.945,7.903,28.69,34.94,4.877,0,0,0
2024-03-25 19:00:00,34.007,73.818,2.622,23.3,7.209,99.748,8.111,28.795,44.536,3.145,0,0,0
2024-04-10 00:20:00,8.925,275.053,6.29,25.123,6.594,95.516,8.191,31.276,48.007,7.098875,0,0,0
2024-06-22 01:20:00,11.845,249.876,0.968,17.803,5.769,79.38487500000002,8.137,29.55,45.527,2.407,0,0,0
2024-01-23 04:40:00,7.233,6.375,3.697,27.842,6.005,92.444,7.976,32.203,49.425,4.591,0,0,0
2023-11-18 09:30:00,5.683,209.287,2.379,24.451,6.466,95.031,8.019,35.834,54.17,4.716,0,0,0
2024-05-26 22:50:00,10.352,100.764,2.968,21.12,6.154,82.039,8.095,29.124,44.951,7.098875,0,0,0
2023-11-10 12:00:00,0.473,75.417,1.731,25.172,7.058,104.813,8.03,35.496,53.738,6.783,0,0,1
2023-12-14 16:40:00,22.785,192.566,1.016,27.991,6.265,99.01,7.962,35.995,54.933,1.139,0,0,1
2024-05-31 02:50:00,15.535,203.731,1.675,21.031,6.254,82.938,8.092,28.521,44.113,4.423,0,0,0
2023-11-26 01:30:00,12.253,152.997,1.244,25.115,6.098,92.937,7.921,35.839,54.197,1.456,0,0,0
2023-11-17 18:00:00,8.026,12.25,4.809,26.507,6.747,102.627,8.044,35.784,54.17,4.614,0,0,0
2023-10-04 19:30:00,11.775,126.631,2.98,24.275,6.767,99.07,8.0,35.665,53.939,1.555,0,0,0
2024-01-08 07:00:00,19.963,4.561,7.109625,26.211,6.705,95.964,8.05,27.006,40.503,3.802,0,0,0
2023-11-25 09:00:00,17.8,353.374,1.09,25.153,6.151,94.551,7.974,35.775,54.112,6.964,0,0,1
2023-12-15 05:40:00,28.248,305.051,0.178,27.302,6.217,93.299,7.948,35.995,54.922,1.197,0,0,1
2024-06-02 08:10:00,38.123,212.848,1.138,19.579,6.533,84.136,8.162,28.107,43.524,2.928,0,0,0
2024-02-27 17:00:00,5.944,347.057,2.695,30.201,6.843,107.637,8.109,30.922,47.715,3.645,0,0,0
2024-06-16 18:50:00,32.285,27.436,1.325,18.143,7.18,90.659,8.186,29.349,45.247,2.455,0,0,0
2024-02-11 04:20:00,4.587,298.757,2.616,26.14,5.984,85.581,7.893,25.922,40.598,4.118,0,0,0
2024-03-24 07:40:00,18.391,349.892,2.847,23.86,6.577,92.126,8.079,29.229,45.151,2.823,0,0,0
2024-02-04 12:40:00,7.11,89.47,2.838,30.032,6.372,99.699,7.965,30.464,47.076,3.196,0,0,0
2024-01-14 07:50:00,1.443,126.658,5.451,25.601,7.319,101.789,7.99,28.162,32.332,4.705,0,0,0
2024-06-07 07:30:00,8.026,209.031,1.325,18.118,6.64,83.26,8.156,28.286,43.77,2.279,0,0,0
2023-09-05 04:00:00,9.53,283.398,2.249,20.504,6.478,93.974,8.062,34.233,51.94,1.682,0,0,0
2024-05-26 13:40:00,16.169,110.993,2.677,20.909,7.592,100.379,8.125,28.38,43.916,7.098875,0,0,0
2024-03-05 06:00:00,5.153,303.562,1.121,27.37,6.073,91.352,8.114,31.237,48.03,7.098875,0,0,0
2024-02-21 20:10:00,17.766,120.246,4.268,30.077,7.129,110.513,8.093,28.649,44.563,3.673,0,0,0
2023-08-10 09:30:00,4.812,58.425,2.377,18.886,7.271,96.241,8.162,34.895,52.83,1.883,0,0,0
2024-06-16 00:00:00,4.737,100.373,1.174,17.892,6.898,86.707,8.167,29.39,45.305,2.8,0,0,0
2023-12-18 11:20:00,28.177,147.411,1.13,27.978,6.185,97.498,7.953,35.815,54.3,2.38,0,0,0
2024-03-25 09:40:00,35.936,359.401,1.445,22.97,6.566,90.53,8.069,29.194,45.081,2.53,0,0,0
2024-02-22 20:50:00,21.069,23.427,3.564,29.846,6.495,100.973,8.046,29.826,46.187,3.356,0,0,0
2024-06-19 22:40:00,10.253,353.74,0.874,17.023,6.758,82.938,8.155,29.441,45.388,2.547,0,0,0
2024-06-25 05:50:00,23.548,63.831,3.667,17.002,7.572,93.48,8.196,29.305,45.194,2.743,0,0,0
2024-03-12 12:00:00,14.741,77.292,2.681,24.855,7.035,100.715,8.107,30.018,46.268,2.985,0,0,0
2023-11-04 15:00:00,35.193,288.787,1.052,24.043,6.498,95.148,8.016,35.912,54.937,7.098875,0,0,1
2023-11-04 10:30:00,39.605,116.413,0.858,23.145,6.472,93.26,8.014,35.912,54.783,7.098875,0,0,1
2024-06-12 12:40:00,14.972,159.38,3.682,18.673,7.947,101.662,8.242,29.838,45.923,3.876,0,0,0
2023-10-04 06:30:00,5.317,333.495,1.635,23.245,6.255,94.308,7.987,35.657,53.902,1.691,0,0,0
2024-06-24 06:00:00,3.583,133.445,1.492,17.002,6.985,85.007,8.182,29.487,45.458,3.212,0,0,0
2023-10-13 01:30:00,4.734,13.105,1.709,23.238,6.245,92.824,7.998,35.969,54.321,1.581,0,0,0
2024-04-03 04:30:00,5.866,23.967,3.151,26.173,5.898,86.341,8.102,29.956,46.224,3.071,0,0,0
2023-12-22 01:20:00,33.62,90.756,1.28,27.462,6.158,96.148,7.957,33.25,50.783,1.16,0,0,0
2023-12-29 01:20:00,31.983,262.063,1.992,27.843,6.182,92.733,7.991,34.021,51.864,1.2,0,0,0
2023-09-19 20:00:00,6.292,71.232,3.634,22.853,7.643,109.268,8.077,35.837,54.134,3.471,0,0,0
2024-06-20 08:30:00,49.18275,254.703,1.198,17.023,6.879,83.449,8.178,29.42,45.368,2.568,0,0,0
2024-03-16 21:20:00,4.103,293.484,1.686,25.352,6.693,96.53,8.078,29.813,46.0,3.125,0,0,0
2023-11-15 15:30:00,25.236,183.31,2.056,26.761,6.468,98.668,7.993,35.543,53.856,5.609,0,0,0
2024-02-10 19:00:00,6.959,24.262,4.977,27.696,7.399,110.103,7.963,28.33,44.024,3.803,0,0,0
2024-04-04 10:30:00,7.961,339.623,1.328,26.548,5.735,84.992,8.111,31.035,47.723,2.926,0,0,0
2024-03-04 22:00:00,16.046,42.041,1.273,28.228,6.079,92.716,8.107,31.172,47.974,4.274,0,0,0
2023-12-17 04:30:00,8.144,162.891,0.897,27.651,6.04,94.226,7.956,35.781,54.211,0.672,0,0,0
2023-09-22 00:00:00,5.826,90.376,3.074,22.989,6.768,96.995,8.036,35.842,54.145,2.818,0,0,0
2024-01-10 12:00:00,49.18275,313.342,2.5,27.826,6.321,96.489,7.95,31.261,48.097,3.215,0,0,0
2023-11-10 01:00:00,12.528,179.723,2.647,24.64,6.525,95.984,8.017,35.425,53.627,4.557,0,0,0
2023-12-26 08:30:00,39.742,243.087,1.035,27.467,6.026,95.362,7.966,33.675,51.36,1.763,0,0,0
2024-03-08 12:00:00,0.558,243.674,0.918,26.277,6.762,99.793,8.13,31.085,47.782,2.686,0,0,0
2023-12-09 03:30:00,23.535,0.192,1.146,27.958,6.087,92.723,7.9,35.859,54.371,1.441,0,0,0
2024-04-05 09:10:00,20.805,122.269,2.026,25.699,6.166,89.198,8.135,29.286,45.282,3.993,0,0,0
2024-06-14 17:50:00,8.803,88.624,0.968,18.385,6.624,84.087,8.152,29.454,45.392,2.242,0,0,0
2023-12-26 09:10:00,41.002,274.806,0.701,27.625,6.026,95.362,7.971,33.766,51.49,2.382,0,0,0
2024-02-13 21:40:00,2.418,184.292,4.016,26.433,6.478,94.859,7.949,29.235,45.236,3.034,0,0,0
2024-03-07 18:50:00,4.647,184.958,2.002,27.443,7.067,106.288,8.154,30.972,47.669,2.802,0,0,0
2023-12-14 11:10:00,25.681,218.698,0.865,27.773,6.331,98.583,7.986,35.995,54.826,2.266,0,0,0
2024-03-03 18:00:00,19.439,304.837,2.696,29.493,6.526,102.232,8.089,32.268,49.53,7.098875,0,0,0
2023-09-25 19:00:00,5.415,61.953,3.371,20.947,7.517,103.985,8.093,35.973,54.288,2.367,0,0,0
2024-03-13 09:40:00,10.069,299.733,1.666,25.06,6.814,97.963,8.097,30.127,46.424,2.543,0,0,0
2024-03-22 14:30:00,20.125,104.965,2.094,24.49,7.373,103.483,8.115,27.648,42.97,3.464,0,0,0
2023-09-29 20:00:00,8.23,65.278,4.82,23.668,7.373,106.338,8.036,34.887,52.876,3.093,0,0,0
2024-03-16 02:50:00,5.97,235.216,1.101,25.874,6.435,93.983,8.088,30.466,46.918,2.656,0,0,0
2024-05-24 10:40:00,33.587,152.747,1.957,20.193,7.37,96.548,8.174,29.047,44.834,7.098875,0,0,0
2023-12-20 09:50:00,20.847,306.925,0.28,27.978,6.021,93.747,7.921,35.552,53.953,1.383,0,0,0
2023-10-21 01:00:00,4.531,16.43,2.228,23.339,6.489,93.754,8.051,35.903,54.617,4.151,0,0,0
2023-12-26 15:10:00,26.618,141.819,2.088,27.736,6.604,101.395,7.989,33.83,51.582,1.907,0,0,0
2023-12-29 04:00:00,12.007,28.826,1.553,27.843,6.089,92.486,7.95,33.939,51.745,1.103,0,0,0
2023-12-16 06:00:00,41.549,276.526,0.581,27.072,6.087,92.674,7.98,35.418,53.7,0.648,0,0,0
2024-01-28 15:10:00,5.223,314.076,0.898,27.954,6.134,92.418,7.912,31.572,48.57,6.033,0,0,0
2024-01-26 10:10:00,4.9,139.288,1.05,27.954,6.005,92.272,7.946,32.139,49.314,3.287,0,0,0
2024-03-18 15:40:00,9.578,74.041,2.197,26.775,7.28,107.024,8.124,28.927,44.821,2.553,0,0,0
2023-12-31 14:50:00,23.637,335.929,0.479,27.985,6.066,93.559,7.909,33.02,50.52,1.538,0,0,0
2023-12-10 09:30:00,10.974,277.324,0.731,27.983,6.014,95.06,7.97,35.978,54.49,1.659,0,0,0
2024-02-18 18:40:00,4.458,1.729,6.532,28.663,8.677999999999999,114.05987499999998,8.189,20.175499999999996,32.10987500000001,5.429,1,1,1
2024-01-20 11:50:00,8.061,274.335,4.595,27.842,6.28,95.968,7.951,29.312,45.439,3.302,0,0,0
2024-03-13 15:00:00,21.042,332.602,2.11,25.721,7.21,104.85,8.106,30.153,46.481,2.815,0,0,0
2024-02-05 20:50:00,2.742,160.658,2.634,31.142,5.622,89.995,7.899,31.39,48.401,3.355,0,0,0
2023-12-20 01:50:00,25.128,45.307,0.645,27.978,6.021,93.747,7.909,35.545,53.937,0.789,0,0,0
2024-03-26 08:20:00,26.806,64.874,3.335,23.771,6.68,92.646,8.071,27.767,43.116,4.326,0,0,0
2024-01-20 13:00:00,3.204,207.464,4.523,27.842,6.435,98.414,7.934,28.703,44.602,3.002,0,0,0
2024-01-31 10:20:00,12.902,85.098,6.92,26.392,7.581,100.067,7.904,29.194,32.10987500000001,7.098875,0,0,0
2024-01-21 00:10:00,13.092,343.74,4.932,27.842,6.042,93.991,7.912,30.075,46.521,5.73,0,0,0
2024-06-15 03:30:00,17.01,199.206,1.981,17.656,7.065,88.439,8.19,29.449,45.389,2.904,0,0,0
2024-01-22 23:10:00,7.739,10.849,4.78,27.842,6.106,96.196,7.984,32.392,49.713,4.435,0,0,0
2023-12-03 05:30:00,15.353,341.956,0.127,26.477,6.18,93.82,8.009,34.855,52.92,0.727,0,0,0
2024-02-06 16:20:00,3.816,23.538,3.446,31.75,6.519,105.628,7.933,31.839,49.047,3.355,0,0,0
2023-12-07 22:00:00,26.718,194.163,2.102,27.958,6.04,94.104,7.952,35.746,54.229,0.645,0,0,0
2023-12-23 11:50:00,16.049,168.589,1.333,27.476,6.354,96.618,7.958,32.831,50.213,1.712,0,0,0
2024-05-25 20:30:00,9.625,98.708,5.488,21.105,7.615,101.168,8.153,28.588,44.207,7.098875,0,0,0
2024-06-16 04:10:00,29.849,282.071,1.148,17.597,6.741,84.264,8.171,29.421,45.35,2.582,0,0,0
2023-12-28 22:20:00,19.447,131.307,0.884,27.843,6.129,92.145,7.955,34.025,51.876,0.994,0,0,0
2023-09-27 15:00:00,2.231,155.082,2.644,21.88,8.04,111.724,8.092,35.911,54.216,3.051,0,0,0
2024-06-11 11:40:00,27.511,85.686,1.147,18.524,7.316,93.284,8.179,29.767,45.825,2.559,0,0,0
2024-01-14 23:50:00,10.761,169.909,4.273,27.683,6.702,98.874,7.985,27.198,41.928,5.656,0,0,0
2024-02-19 02:30:00,3.727,18.679,5.821,27.187,7.221,101.603,8.058,20.175499999999996,32.10987500000001,5.154,1,1,0
2024-01-20 10:30:00,15.51,291.265,3.788,27.842,6.066,92.457,7.935,28.689,44.56,3.057,0,0,0
2023-09-20 09:00:00,5.528,66.722,1.861,22.288,6.927,98.052,8.051,35.83,54.115,2.903,0,0,0
2023-12-18 05:20:00,10.771,250.321,0.93,27.695,6.09,94.788,7.953,35.803,54.242,0.727,0,0,0
2024-03-05 23:10:00,7.65,149.685,1.731,26.793,6.559,97.733,8.123,31.263,48.045,2.639,0,0,0
2024-01-03 16:30:00,26.403,120.287,3.594,26.711,7.964,109.225,8.01,31.473,32.10987500000001,4.615,0,0,0
2023-12-05 19:20:00,9.081,200.246,0.308,27.958,6.885,109.683,8.03,35.542,53.966,0.644,0,0,1
2023-12-28 19:00:00,17.43,335.543,3.088,27.843,6.554,102.044,7.992,34.049,51.911,1.042,0,0,0
2024-03-29 08:10:00,49.18275,196.64,5.614,24.158,6.918,94.31,8.002,23.565,37.202,3.63,0,0,0
2024-01-15 12:30:00,19.652,265.556,4.203,27.659,6.964,102.578,7.937,27.198,41.627,3.383,0,0,0
2023-12-11 03:10:00,20.928,275.207,0.738,27.832,6.002,92.303,7.954,35.995,54.6,1.185,0,0,0
2023-08-09 05:30:00,2.237,131.308,2.436,18.746,7.297,96.229,8.154,34.723,52.599,1.634,0,0,0
2024-04-08 14:40:00,18.319,213.775,2.962,27.254,6.558,98.875,8.174,31.998,49.069,7.098875,0,0,0
2024-04-05 18:00:00,31.143,257.683,7.109625,26.641,7.023,103.281,8.179,29.366,45.425,3.627,0,0,0
2023-10-17 07:00:00,8.107,83.679,3.411,23.933,6.321,92.237,8.025,35.903,54.574,4.386,0,0,0
2024-06-10 00:10:00,13.357,150.168,0.953,19.069,6.494,83.418,8.172,29.277,45.147,2.745,0,0,0
2024-01-25 09:50:00,20.664,160.184,2.132,27.602,6.045,94.493,7.926,30.641,47.22,3.196,0,0,0
2024-05-27 15:50:00,27.319,228.107,2.368,21.622,7.168,96.267,8.131,28.812,44.527,4.586,0,0,0
2023-12-13 14:10:00,38.747,280.372,1.18,27.97,6.572,102.744,8.013,35.995,54.792,1.076,0,0,0
2024-06-25 17:30:00,7.183,322.072,1.301,18.289,7.068,89.414,8.143,29.194,45.033,3.366,0,0,0
2024-02-10 04:50:00,5.297,122.464,2.498,27.23,5.878,86.947,7.903,28.634,44.43,3.314,0,0,0
2024-02-08 10:00:00,4.82,347.622,3.262,27.782,6.715,99.254,8.0,26.855,41.966,3.352,0,0,0
2024-02-20 07:40:00,21.29,137.682,4.153,27.155,6.567,94.087,8.064,23.179,36.737,4.133,0,0,0
2024-06-26 06:00:00,49.18275,55.184,1.477,17.848,7.432,93.23,8.173,29.193,45.032,7.098875,0,0,0
2024-04-16 11:30:00,7.612,330.225,2.934,25.627,6.699,97.981,8.129,31.451,48.262,4.399,0,0,0
2023-10-17 03:30:00,5.402,348.605,3.566,24.397,6.237,93.459,8.02,35.903,54.613,2.285,0,0,1
2024-06-07 19:50:00,13.943,124.818,2.107,18.923,6.767,86.347,8.16,28.611,44.223,1.987,0,0,0
2023-10-20 03:30:00,1.015,257.193,4.817,22.478,6.199,93.322,8.046,35.903,54.585,4.267,0,0,0
2024-06-26 11:50:00,27.903,172.726,1.278,18.303,7.025,88.893,8.151,29.193,45.03,3.611,0,0,0
2023-12-05 09:10:00,20.669,290.519,0.478,27.958,6.08,92.051,7.974,35.436,53.773,0.843,0,0,0
2024-02-01 00:30:00,5.952,294.268,4.429,26.534,6.887,93.361,7.922,29.194,32.10987500000001,6.007,0,0,0
2023-08-13 18:30:00,4.837,115.723,4.231,21.132,7.436,102.755,8.131,35.224,53.283,2.661,0,0,0
2024-06-08 14:20:00,43.075,245.48,2.135,18.02,7.843,98.34,8.219,28.559,44.151,3.396,0,0,0
2024-02-05 10:20:00,6.438,44.443,1.397,29.617,5.358,83.425,7.92,30.806,47.53,2.804,0,0,0
2024-01-01 11:50:00,13.353,240.624,5.382,27.798,6.451,98.224,7.956,32.136,49.278,3.307,0,0,0
2024-02-05 18:40:00,5.205,65.159,4.254,31.539,7.017,112.953,7.957,31.246,48.222,3.658,0,0,0
2024-02-19 01:20:00,39.553,234.936,6.958,27.26,7.015,98.963,8.064,20.175499999999996,32.297,4.709,1,1,0
2024-01-02 07:00:00,46.429,268.907,2.315,23.735,7.403,95.475,7.92,31.473,32.10987500000001,6.888,0,0,0
2023-12-11 00:40:00,17.374,256.044,1.745,27.983,6.015,94.212,7.967,35.995,54.594,1.514,0,0,0
2024-01-25 07:50:00,11.815,12.152,2.985,26.843,6.288,92.755,7.952,29.298,45.338,3.733,0,0,0
2024-01-04 09:20:00,14.936,284.661,3.841,26.037,7.474,100.699,7.941,31.473,32.10987500000001,4.99,0,0,0
2024-01-02 06:20:00,24.866,341.387,2.548,23.742,7.081,96.671,7.932,31.473,32.10987500000001,6.888,0,0,0
2024-06-01 16:20:00,26.191,111.026,2.243,21.787,6.347,85.875,8.151,29.584,45.598,7.098875,0,0,0
2024-03-20 15:30:00,10.135,323.037,0.801,27.849,6.943,104.582,8.089,30.046,46.409,1.895,0,0,0
2024-04-03 12:10:00,14.236,108.124,1.908,26.422,5.391,80.235,8.116,32.147,49.241,3.491,0,0,0
2024-05-22 18:30:00,20.946,207.309,3.009,20.343,7.799,102.505,8.206,29.142,44.968,7.098875,0,0,0
2024-01-09 07:30:00,26.907,97.16,4.114,27.745,6.011,92.728,7.974,30.422,46.924,4.179,0,0,0
2024-03-11 00:20:00,7.28,269.747,3.191,24.81,6.853,98.654,8.137,31.114,47.775,2.54,0,0,0
2023-10-24 08:30:00,16.308,227.888,0.16,24.482,6.135,94.064,7.95,35.903,54.674,4.747,0,0,0
2024-06-09 18:40:00,19.208,193.456,1.624,19.162,7.149,91.878,8.19,29.049,44.831,2.762,0,0,0
2023-10-14 01:30:00,6.875,320.213,5.113,23.693,6.801,98.784,8.034,35.996,54.452,1.408,0,0,0
2024-03-06 23:20:00,12.338,74.923,2.011,26.902,6.709,100.171,8.129,31.294,48.092,2.442,0,0,0
2024-06-20 11:10:00,6.795,292.939,0.949,17.023,7.008,85.421,8.179,29.382,45.311,2.641,0,0,0
2024-03-16 13:10:00,10.116,41.433,0.958,26.114,6.92,101.334,8.091,30.207,46.569,2.027,0,0,0
2024-02-25 11:10:00,12.797,186.595,2.833,27.335,6.387,93.746,8.106,26.958,42.095,3.948,0,0,0
2024-04-04 04:30:00,17.829,13.747,1.778,26.831,5.463,81.76,8.105,31.936,48.967,2.869,0,0,0
2024-05-19 17:50:00,12.105,83.071,2.047,20.874,7.471,99.323,8.197,29.434,45.378,7.098875,0,0,0
2024-06-12 01:20:00,23.104,154.27,1.277,18.611,6.421,82.037,8.143,29.829,45.911,2.27,0,0,0
2024-02-11 05:00:00,8.002,182.178,2.699,26.449,5.725,82.962,7.909,27.338,42.596,3.843,0,0,0
2023-08-15 01:00:00,11.747,257.599,2.298,20.463,6.805,92.911,8.147,35.239,53.297,1.568,0,0,0
2023-12-12 21:10:00,13.748,57.219,5.802,27.997,7.046,110.101,8.019,35.995,54.784,1.682,0,0,0
2023-12-19 20:10:00,12.348,306.582,3.58,27.978,6.148,97.534,7.938,35.576,54.0,1.136,0,0,0
2023-09-19 14:30:00,8.251,123.025,2.41,23.051,7.739,111.02,8.071,35.825,54.123,2.585,0,0,0
2024-02-03 05:40:00,2.578,41.83,4.656,28.097,4.865,79.38487500000002,7.903,30.752,47.392,3.208,0,0,0
2024-03-14 18:00:00,15.26,250.513,2.644,26.268,6.814,100.005,8.058,30.15,46.495,1.905,0,0,0
2024-03-16 02:10:00,3.208,291.582,1.225,25.898,6.468,94.34,8.088,30.146,46.477,2.799,0,0,0
2024-05-22 06:40:00,31.857,230.936,1.18,19.34,6.948,89.493,8.16,28.871,44.585,7.098875,0,0,0
2024-03-27 01:40:00,45.525,10.256,1.17,24.609,5.972,85.265,8.056,30.272,46.612,2.613,0,0,0
2023-09-27 05:30:00,5.312,125.514,4.736,20.617,6.852,94.199,8.075,35.934,54.233,2.013,0,0,0
2023-08-25 11:00:00,4.506,94.392,1.949,20.509,7.471,102.274,8.104,35.554,53.721,2.536,0,0,0
2024-06-01 01:00:00,28.695,73.066,1.703,21.575,7.183,96.773,8.176,29.508,45.49,4.443,0,0,0
2024-06-14 23:50:00,8.916,159.09,1.064,17.994,6.256,79.38487500000002,8.137,29.477,45.425,2.438,0,0,0
2024-04-05 00:50:00,7.011,59.241,3.665,26.724,6.036,90.483,8.142,32.51,49.748,3.433,0,0,0
2024-06-03 18:50:00,41.36,345.939,1.434,20.188,6.839,89.577,8.172,29.037,44.82,3.319,0,0,0
2024-01-25 21:50:00,19.938,342.114,2.778,27.874,6.587,101.877,7.958,30.852,47.575,4.396,0,0,0
2024-01-31 18:40:00,9.304,239.775,6.814,27.138,7.501,101.995,7.937,29.194,32.10987500000001,7.098875,0,0,0
2024-01-16 18:20:00,14.57,37.245,6.499,27.951,7.59,109.169,7.935,28.69,35.647,4.641,0,0,0
2024-06-26 12:40:00,13.251,188.102,1.377,18.978,7.632,97.841,8.181,29.224,45.074,3.344,0,0,0
2023-10-03 09:00:00,8.918,124.49,0.915,23.288,6.436,92.565,7.989,35.545,53.752,2.721,0,0,0
2024-06-10 07:30:00,23.896,280.445,1.007,17.777,6.439,80.564,8.16,28.994,44.756,2.614,0,0,0
2024-03-15 01:20:00,26.769,297.184,1.889,26.071,6.659,97.413,8.055,30.15,46.489,2.348,0,0,0
2024-06-01 15:40:00,15.4,128.467,1.774,21.975,5.783,79.38487500000002,8.11,29.59,45.609,7.098875,0,0,0
2024-05-30 04:30:00,27.294,343.252,5.65,20.8,6.802,90.055,8.142,28.939,44.691,3.178,0,0,0
2023-10-18 09:30:00,3.786,283.242,0.985,22.355,6.785,96.34,8.064,35.903,54.561,2.678,0,0,0
2024-06-10 06:50:00,6.675,308.357,1.805,17.847,7.159,89.703,8.208,29.004,44.77,2.748,0,0,0
2023-09-07 00:00:00,3.132,64.481,3.651,21.737,6.597,92.134,8.074,35.19,53.245,2.541,0,0,0
2024-06-06 04:50:00,21.268,285.453,1.834,19.207,6.572,84.318,8.168,28.631,44.25,2.715,0,0,0
2023-11-29 13:00:00,2.397,281.291,0.22,25.692,6.223,93.232,7.969,35.503,53.764,1.72,0,0,0
2024-05-19 05:20:00,22.266,249.83,0.484,20.713,6.539,86.635,8.136,29.335,45.239,7.098875,0,0,0
2023-12-13 16:40:00,27.3,246.203,0.47,27.959,7.062,110.836,8.03,35.995,54.817,0.806,0,0,0
2024-01-05 07:30:00,40.085,21.413,5.382,26.83,6.726,96.111,7.919,29.174,45.165,3.026,0,0,0
2023-08-10 13:00:00,6.654,62.168,2.255,19.942,7.698,103.896,8.158,34.883,52.814,1.662,0,0,0
2024-06-21 20:20:00,19.276,327.853,2.603,18.085,7.8,98.445,8.211,29.464,45.406,3.422,0,0,0
2024-04-16 01:40:00,22.282,121.859,3.903,25.217,6.884,99.76,8.151,31.055,47.706,7.098875,0,0,0
2024-05-21 10:40:00,34.278,102.813,0.897,19.893,7.217,94.17,8.194,29.314,45.202,7.098875,0,0,0
2024-01-11 17:40:00,12.379,17.312,3.899,27.917,7.306,111.649,7.968,30.812,47.539,3.317,0,0,0
2023-12-17 11:20:00,26.008,233.601,1.962,27.999,6.085,92.043,7.956,35.828,54.29,2.391,0,0,0
2023-10-03 10:30:00,9.159,100.057,1.028,23.467,6.502,93.815,7.994,35.585,53.81,3.068,0,0,0
2024-01-04 06:40:00,22.126,228.884,3.67,25.175,7.166,94.915,7.909,31.473,32.10987500000001,5.037,0,0,0
2024-01-26 09:40:00,5.794,157.26,1.128,27.954,6.005,92.272,7.955,32.0,49.118,3.519,0,0,0
2023-12-01 12:30:00,6.309,142.754,1.214,27.425,6.251,96.592,7.978,35.892,54.351,2.014,0,0,0
2023-12-20 05:30:00,16.302,261.326,0.854,27.978,6.021,93.747,7.915,35.542,53.921,1.076,0,0,0
2023-12-10 12:50:00,7.161,349.275,1.133,27.983,6.179,97.897,7.957,35.995,54.583,1.443,0,0,0
2023-12-28 12:10:00,8.922,249.046,1.581,27.843,6.132,94.421,7.997,34.018,51.841,2.284,0,0,0
2024-02-25 17:10:00,18.293,228.083,4.956,28.345,6.726,101.06,8.098,28.137,43.78,4.666,0,0,0
2024-02-17 01:30:00,3.572,311.777,4.672,24.482,6.949,90.97,7.7255,20.175499999999996,32.10987500000001,7.098875,1,1,0
2023-12-06 23:30:00,18.097,125.175,0.874,27.958,6.014,95.181,7.921,35.594,54.006,0.578,0,0,0
2024-01-20 00:30:00,11.627,331.738,5.268,27.842,6.039,93.32,7.92,31.408,48.326,4.687,0,0,0
2024-02-20 11:30:00,21.894,155.196,2.452,28.581,6.994,102.491,8.076,22.917,36.41,3.844,0,0,0
2024-01-04 14:20:00,19.509,202.511,7.109625,27.994,8.058,111.583,8.123,31.473,32.10987500000001,5.092,0,0,0
2024-04-04 04:10:00,31.596,85.025,2.83,26.844,5.686,84.995,8.121,31.681,48.62,3.566,0,0,0
2023-09-02 20:00:00,7.887,132.589,3.699,21.666,7.239,101.11,8.085,35.434,53.573,2.912,0,0,0
2024-01-25 07:00:00,23.876,113.482,4.925,26.537,6.218,92.479,7.958,29.216,45.213,4.177,0,0,0
2023-09-25 23:30:00,2.546,282.746,4.066,20.503,6.873,94.291,8.086,35.934,54.232,2.044,0,0,0
2024-02-27 15:50:00,11.205,41.882,2.533,30.394,6.892,108.693,8.112,30.84,47.61,4.39,0,0,0
2024-02-06 14:00:00,6.765,151.482,3.102,31.121,6.372,102.222,7.939,31.833,49.009,4.478,0,0,0
2024-03-21 22:30:00,7.61,352.188,1.651,24.472,6.83,95.132,8.111,26.3,41.081,4.257,0,0,0
2024-02-23 09:00:00,1.987,253.255,1.747,28.91,5.663,87.689,8.038,31.875,48.966,3.21,0,0,0
2023-10-02 09:30:00,3.759,111.385,0.868,23.089,6.541,93.719,8.01,35.492,53.677,2.878,0,0,0
2023-11-14 12:00:00,25.599,57.912,0.699,26.296,6.345,96.058,8.003,35.571,53.877,6.351,0,0,1
2024-03-08 03:20:00,21.471,344.999,1.122,26.392,6.449,95.32,8.128,31.017,47.692,2.786,0,0,0
2023-12-20 20:40:00,5.722,351.1,1.25,27.978,6.145,92.493,7.948,35.547,53.957,0.76,0,0,0
2023-10-17 04:30:00,8.33,224.442,3.346,24.399,6.316,92.921,8.023,35.903,54.619,2.098,0,0,1
2024-04-16 09:30:00,22.282,106.253,2.939,24.789,6.621,95.454,8.144,31.44,48.222,2.825,0,0,0
2024-03-16 20:30:00,6.661,248.911,1.407,25.571,6.633,96.089,8.072,29.929,46.168,2.948,0,0,0
2023-09-24 15:30:00,7.327,121.09,4.179,20.479,8.077,110.686,8.106,35.814,54.071,2.888,0,0,0
2024-06-02 00:40:00,22.571,209.549,1.055,21.292,5.483,79.38487500000002,8.105,29.186,45.039,2.651,0,0,0
2023-12-13 18:00:00,8.0,335.0,1.361,27.959,7.344,111.84,8.05,35.995,54.822,1.55,0,0,0
2024-05-30 04:40:00,17.439,181.728,5.439,20.609,7.22,95.145,8.163,28.753,44.43,7.098875,0,0,0
2024-01-15 14:10:00,30.644,250.013,3.421,27.858,6.581,98.088,7.94,28.124,43.743,3.037,0,0,0
2024-01-10 18:00:00,9.836,285.13,5.002,27.826,7.294,110.685,7.988,31.888,48.994,3.624,0,0,0
2024-01-29 18:10:00,10.224,80.267,2.994,27.995,6.652,104.981,7.946,31.15,48.034,3.065,0,0,0
2024-03-17 04:30:00,34.025,108.316,1.497,24.433,6.257,88.426,8.062,29.032,44.893,2.622,0,0,0
2024-01-28 19:00:00,5.715,238.003,0.904,27.954,6.248,97.122,7.934,31.431,48.377,2.413,0,0,0
2024-01-23 16:40:00,19.909,358.893,7.109625,27.863,6.452,98.083,8.006,31.646,48.61,3.882,0,0,0
2023-10-21 19:00:00,6.322,99.056,6.852,24.845,7.662,105.176,8.074,35.903,54.781,7.098875,0,0,1
2023-12-17 11:00:00,14.079,144.76,1.422,27.999,6.085,92.043,7.965,35.82,54.284,3.326,0,0,0
2024-04-07 05:20:00,36.537,142.493,4.295,26.213,6.223,91.544,8.163,30.721,47.28,5.086,0,0,0
2023-12-07 03:10:00,9.111,113.2,0.637,27.958,6.014,95.181,7.923,35.645,54.066,0.515,0,0,0
2024-06-01 10:50:00,9.612,311.383,1.901,21.521,6.373,85.801,8.148,29.567,45.571,3.39,0,0,0
2024-04-06 06:10:00,17.179,204.389,3.848,25.025,6.039,86.541,8.129,29.66,45.779,3.806,0,0,0
2023-11-24 13:00:00,23.355,38.495,2.506,25.957,7.016,105.683,8.023,35.686,54.019,6.964,0,0,0
2024-04-10 18:50:00,8.166,285.21,7.109625,24.689,7.685,110.719,8.23,31.632,48.481,7.098875,0,0,1
2024-06-24 20:30:00,19.493,331.939,1.792,17.436,7.931,98.847,8.207,29.429,45.362,3.382,0,0,0
2024-05-24 10:00:00,26.458,108.447,1.665,20.08,7.153,93.511,8.161,29.049,44.837,7.098875,0,0,0
2023-12-16 00:10:00,19.369,59.13,0.514,27.584,6.087,92.63,7.979,35.885,54.348,0.709,0,0,0
2024-06-07 05:40:00,26.718,289.725,1.545,18.267,6.9,86.76,8.167,28.243,43.711,7.098875,0,0,0
2024-02-06 01:50:00,3.575,20.692,1.657,30.008,4.798,79.38487500000002,7.874,31.376,48.33,3.125,1,0,0
2024-03-29 02:30:00,27.804,301.471,5.894,24.911,6.639,92.806,8.042,25.635,40.157,3.537,0,0,0
2023-10-09 05:00:00,4.832,174.348,2.262,20.317,6.853,93.484,8.032,35.535,53.694,1.842,0,0,0
2024-02-13 22:20:00,2.542,38.69,4.936,26.246,6.653,97.0,7.969,29.044,44.965,3.299,0,0,0
2023-09-17 05:00:00,2.868,284.846,3.126,21.192,6.766,93.861,8.101,35.7,53.924,1.941,0,0,0
2023-12-17 04:50:00,23.805,315.98,0.736,27.624,6.04,94.226,7.949,35.777,54.205,0.791,0,0,0
2024-03-07 06:00:00,24.11,35.649,1.51,26.126,6.209,91.139,8.116,30.615,47.131,2.633,0,0,0
2024-03-30 08:20:00,31.071,148.641,5.114,24.175,7.083,96.006,8.055,22.505,35.686,3.471,0,0,0
2024-03-19 17:50:00,27.1,112.561,0.684,27.465,6.796,101.619,8.046,29.883,46.17,1.93,0,0,0
2024-05-28 03:20:00,23.802,200.353,2.21,21.0,6.887,91.522,8.146,28.972,44.739,6.023,0,0,0
2024-04-07 01:10:00,49.158,9.486,5.4,27.041,5.847,88.006,8.148,32.332,49.517,4.302,0,0,0
2024-06-10 08:50:00,6.965,308.75,1.064,17.748,6.861,85.796,8.18,28.983,44.742,2.647,0,0,0
2023-10-28 22:30:00,1.406,52.294,1.95,22.599,6.946,99.059,8.073,35.912,54.566,6.473,0,0,0
2024-05-24 03:20:00,46.189,225.288,1.789,19.827,6.992,90.917,8.162,28.942,44.686,7.098875,0,0,0
2023-12-09 10:30:00,5.689,288.527,1.0,27.958,6.087,92.723,7.932,35.921,54.452,1.514,0,0,0
2023-08-20 02:00:00,1.49,225.747,2.786,18.846,7.276,96.556,8.152,35.456,53.586,1.552,0,0,0
2024-02-11 06:50:00,9.407,82.867,2.825,26.715,6.283,91.833,7.942,28.072,43.629,3.78,0,0,0
2024-01-11 02:50:00,27.07,11.137,2.954,27.826,6.04,92.652,7.912,31.46,48.365,4.128,0,0,0
2023-12-30 19:20:00,8.043,74.791,0.897,27.732,6.066,93.559,7.91,33.647,51.334,0.927,0,0,0
2024-03-15 19:10:00,15.972,78.618,2.024,26.993,6.764,100.724,8.071,30.556,47.08,2.334,0,0,0
2023-12-09 17:20:00,10.366,129.22,4.17,27.958,6.458,103.734,7.937,35.952,54.535,2.033,0,0,0
2024-05-26 18:20:00,5.736,292.689,4.962,21.245,7.607,101.299,8.129,28.544,44.148,6.95,0,0,0
2023-09-13 03:30:00,2.562,85.787,3.768,19.957,6.958,94.368,8.085,35.654,53.853,2.587,0,0,0
2023-08-27 18:30:00,5.831,152.93,3.464,21.195,7.882,109.269,8.11,35.605,53.796,2.589,0,0,0
2024-06-07 16:40:00,4.445,234.576,2.22,18.837,7.695,97.93,8.209,28.446,43.993,2.209,0,0,0
2024-02-13 08:50:00,13.83,111.38,1.723,26.46,6.249,91.757,7.941,29.623,45.775,3.609,0,0,0
2024-03-08 06:20:00,12.561,296.889,0.895,25.923,6.301,92.432,8.12,31.072,47.752,2.291,0,0,0
2024-02-09 07:30:00,2.866,134.577,2.457,27.538,5.938,88.319,7.945,28.715,44.554,4.215,0,0,0
2023-10-21 04:30:00,1.885,173.234,3.905,23.145,6.011,93.754,8.028,35.903,54.64,4.91,0,0,0
2023-12-21 18:50:00,14.562,311.398,2.075,27.978,6.188,97.07,7.978,35.245,53.529,2.206,0,0,0
2024-04-01 20:10:00,10.049,22.217,4.667,25.513,7.261,102.391,8.175,25.328,39.741,2.957,0,0,0
2024-03-12 21:10:00,8.434,145.068,3.127,25.335,7.095,102.473,8.121,30.119,46.422,3.249,0,0,0
2024-06-12 22:20:00,6.65,146.597,1.19,18.618,6.177,79.38487500000002,8.123,29.744,45.792,2.771,0,0,0
2024-03-31 06:30:00,42.456,294.533,5.071,24.703,5.95,82.71,8.064,25.295,39.672,2.909,0,0,0
2024-01-11 17:00:00,14.796,191.89,4.42,27.917,7.339,111.649,7.965,30.68,47.358,2.834,0,0,0
2024-02-08 13:50:00,3.579,334.419,4.572,28.916,7.225,109.38,7.987,27.752,43.264,3.452,0,0,0
2024-01-13 21:20:00,17.676,14.897,6.721,26.657,7.381,104.842,8.009,28.162,32.332,4.639,0,0,0
2023-12-01 01:30:00,7.057,237.761,0.48,26.943,6.379,97.703,7.99,35.72,54.1,0.527,0,0,0
2023-09-13 08:00:00,6.884,283.4,2.352,19.745,7.13,96.307,8.084,35.63,53.82,3.211,0,0,0
2023-12-05 18:40:00,20.343,37.829,0.748,27.958,7.207,111.26,8.035,35.535,53.962,0.86,0,0,0
2024-04-10 20:50:00,27.026,211.74,6.579,24.675,6.588,94.73,8.182,31.33,48.068,7.098875,0,0,0
2024-03-29 05:20:00,18.055,321.171,3.653,24.532,6.494,90.282,8.017,25.837,40.432,3.073,0,0,0
2024-01-02 16:30:00,33.699,183.699,2.638,23.326,8.034,100.072,7.902,31.473,32.10987500000001,7.098875,0,1,1
2024-01-18 23:20:00,19.758,44.206,3.35,27.999,6.132,92.161,7.92,31.169,47.968,4.123,0,0,0
2024-06-08 07:00:00,44.226,229.833,2.163,17.379,6.428,79.611,8.183,28.582,44.186,5.988,0,0,0
2024-01-16 15:30:00,33.581,1.762,4.793,27.951,6.934,103.145,7.931,28.69,41.429,4.565,0,0,0
2023-10-03 07:30:00,7.524,138.279,1.111,22.968,6.065,92.507,7.995,35.551,53.754,3.04,0,0,0
2023-11-12 02:30:00,17.636,272.052,1.254,25.025,6.064,97.101,7.973,35.378,53.575,5.536,0,0,1
2024-03-27 06:50:00,33.279,122.509,1.449,24.512,6.173,87.944,8.123,30.199,46.508,3.362,0,0,0
2024-01-28 09:00:00,9.079,59.681,2.408,27.954,6.006,94.31,7.967,31.486,48.437,4.113,0,0,0
2024-01-15 16:00:00,13.666,180.163,5.904,27.924,6.465,96.735,7.942,28.606,44.416,3.674,0,0,0
2023-12-13 18:20:00,21.608,21.02,1.234,27.959,7.326,111.84,8.05,35.995,54.821,1.171,0,0,0
2024-01-09 19:50:00,14.317,171.8,7.109625,27.961,7.236,110.834,8.005,30.742,47.4,3.515,0,0,0
2024-06-03 23:10:00,27.791,277.895,3.847,20.165,7.006,91.786,8.199,29.152,44.979,3.231,0,0,0
2024-01-09 21:10:00,20.365,177.368,6.227,27.961,6.912,106.007,7.978,30.928,47.656,3.55,0,0,0
2023-11-12 15:30:00,20.568,235.942,1.963,26.492,7.227,109.748,8.026,35.51,53.801,6.949,0,0,0
2024-01-29 10:00:00,8.485,46.696,2.22,27.995,6.135,93.694,7.958,29.695,45.962,7.067,0,0,0
2023-12-08 06:00:00,23.744,304.031,0.245,27.958,6.04,94.104,7.907,35.761,54.221,0.751,0,0,0
2024-03-08 01:30:00,8.737,189.057,1.474,26.644,6.464,95.945,8.129,31.016,47.701,2.91,0,0,0
2024-02-24 01:50:00,8.804,326.424,2.632,28.706,5.954,91.895,8.09,31.878,48.962,2.95,0,0,0
2023-08-24 02:00:00,1.086,128.603,2.83,20.566,7.56,103.572,8.116,35.502,53.652,1.978,0,0,0
2024-03-06 21:10:00,42.908,260.046,2.394,27.159,7.03,105.414,8.148,31.285,48.088,3.027,0,0,0
2023-10-02 23:30:00,7.386,95.944,2.98,23.533,6.995,101.035,8.025,35.559,53.777,2.102,0,0,0
2024-02-25 14:40:00,26.932,25.696,3.632,27.72,7.219,105.698,8.147,25.372,39.874,3.399,0,0,0
2023-12-07 05:20:00,25.483,257.667,0.539,27.958,6.014,95.181,7.934,35.613,54.015,0.632,0,0,0
2024-01-10 06:30:00,11.592,358.678,4.513,27.614,6.08,93.387,7.965,30.504,47.032,3.765,0,0,0
2024-02-09 04:20:00,6.695,34.586,4.302,27.151,6.536,95.885,7.969,27.425,42.742,3.554,0,0,0
2023-12-15 02:50:00,5.964,108.447,0.363,27.455,6.217,93.299,7.951,35.995,54.933,0.689,0,0,1
2024-03-06 04:50:00,16.013,239.15,1.679,25.822,6.49,94.927,8.145,30.889,47.497,2.475,0,0,0
2024-02-01 16:10:00,8.691,283.779,4.679,27.841,7.359,102.956,7.962,29.194,32.10987500000001,3.76,0,0,0
2024-03-21 16:10:00,6.831,344.263,2.358,25.419,7.024,98.485,8.091,24.638,38.762,6.677,0,0,0
2023-12-10 03:40:00,21.524,57.664,1.122,27.958,6.014,95.06,7.917,35.962,54.494,0.914,0,0,0
2024-05-18 20:40:00,8.098,139.426,0.977,21.957,7.069,95.678,8.154,29.127,44.968,7.098875,0,0,0
2023-08-06 20:30:00,6.035,57.49,2.65,19.934,7.578,102.163,8.168,34.716,52.588,1.723,0,0,0
2023-11-27 20:30:00,23.856,31.821,1.065,25.861,6.438,96.979,7.93,35.946,54.365,1.925,0,0,0
2024-03-27 12:30:00,15.419,245.455,1.383,24.66,6.243,88.8,8.094,29.456,45.487,3.736,0,0,0
2024-05-18 13:10:00,2.517,184.605,0.456,21.735,6.899,92.776,8.123,28.71,44.386,7.098875,0,0,0
2024-03-19 09:00:00,6.334,304.847,0.634,25.278,6.45,92.582,8.091,29.173,45.113,1.926,0,0,0
2024-01-25 00:30:00,49.18275,336.014,5.589,27.28,6.311,94.504,7.909,30.689,47.275,6.299,0,0,0
2024-06-25 22:20:00,13.975,19.913,3.075,18.839,7.618,97.455,8.187,29.312,45.195,3.764,0,0,0
2023-11-13 03:00:00,1.057,127.369,0.783,25.219,6.275,93.749,7.921,35.526,53.779,6.949,0,0,1
2024-01-31 07:00:00,9.638,267.593,3.768,26.012,7.057,93.061,7.904,29.194,32.10987500000001,7.098875,0,0,0
2024-03-31 04:50:00,16.664,69.48,3.532,24.938,5.582,79.38487500000002,8.046,25.762,40.336,2.454,0,0,0
2024-03-02 23:20:00,10.894,306.414,1.625,28.892,5.214,80.889,8.064,32.258,49.49,5.355,0,0,1
2023-08-26 00:30:00,4.576,37.21,3.426,20.594,6.715,92.073,8.105,35.563,53.734,2.51,0,0,0
2023-12-04 19:10:00,30.001,292.618,0.917,27.975,7.396,110.743,8.05,35.367,53.709,1.016,0,0,0
2024-03-06 15:10:00,25.216,14.226,2.009,27.55,7.336,110.486,8.145,30.897,47.571,2.353,0,0,0
2024-05-19 16:00:00,9.833,156.497,1.134,20.755,7.406,98.084,8.176,29.158,44.994,7.098875,0,0,0
2024-02-10 08:50:00,7.083,176.894,2.663,27.228,6.162,91.163,7.945,28.67,44.48,3.568,0,0,0
2024-01-20 04:40:00,46.987,45.576,3.808,27.842,6.039,92.457,7.943,31.007,47.775,3.156,0,0,0
2024-01-06 23:10:00,10.046,182.557,7.109625,25.241,7.195,100.188,8.169,29.174,37.092,3.894,0,0,0
2024-02-15 06:30:00,49.018,255.041,1.603,27.883,5.358,80.865,7.937,30.318,46.786,3.613,0,0,1
2023-08-27 09:30:00,2.073,306.214,2.205,20.099,7.27,98.791,8.099,35.575,53.747,2.047,0,0,0
2024-06-19 19:10:00,14.893,6.624,2.11,17.087,7.587,93.931,8.231,29.445,45.387,2.8,0,0,0
2024-03-11 23:50:00,6.326,268.213,3.469,25.031,6.834,98.382,8.124,30.463,46.887,2.468,0,0,0
2024-05-26 02:20:00,4.297,246.459,3.517,20.64,6.943,91.49,8.137,28.641,44.276,7.098875,0,0,0
2024-01-29 10:20:00,5.811,18.731,2.081,27.995,6.126,93.681,7.962,29.824,46.142,4.954,0,0,0
2024-01-09 23:20:00,24.775,125.948,5.141,27.961,6.149,94.269,7.906,30.951,47.677,3.048,0,0,0
2023-11-28 13:00:00,8.397,209.386,1.418,25.898,6.122,96.979,7.964,35.981,54.414,2.478,0,0,0
2024-03-23 01:50:00,31.996,47.473,2.759,23.496,6.951,95.733,8.096,27.396,42.592,3.537,0,0,0
2024-05-21 02:20:00,49.18275,135.18,1.011,19.804,6.599,85.853,8.151,29.106,44.913,7.098875,0,0,0
2023-11-24 01:00:00,10.804,60.051,2.484,25.8,6.561,98.527,8.001,35.593,53.889,5.07,0,0,0
2024-06-10 04:20:00,2.536,299.481,1.889,18.473,7.234,91.819,8.217,29.156,44.978,2.726,0,0,0
2024-06-15 14:30:00,11.234,146.661,1.119,18.101,7.463,94.205,8.2,29.409,45.331,3.365,0,0,0
2023-09-05 21:00:00,2.208,273.201,2.984,21.961,6.951,97.466,8.047,35.184,53.241,2.144,0,0,0
2024-06-07 07:40:00,41.912,148.845,1.278,18.13,6.607,82.896,8.15,28.307,43.8,6.472,0,0,0
2023-12-18 17:30:00,31.923,185.856,1.674,27.978,6.86,108.92,7.985,35.81,54.312,1.283,0,0,0
2024-01-11 16:50:00,49.18275,183.918,4.697,27.917,7.386,111.649,7.966,30.659,47.33,2.967,0,0,0
2024-06-18 20:20:00,49.18275,328.076,0.791,17.005,6.226,79.38487500000002,8.14,29.372,45.292,2.578,0,0,1
2024-03-05 19:50:00,1.495,341.168,2.492,27.203,6.746,101.196,8.135,31.221,48.002,2.519,0,0,1
2024-02-03 07:30:00,4.246,263.022,5.784,28.087,5.275,80.089,7.955,30.763,47.407,3.323,0,0,0
2024-03-21 02:20:00,34.77,61.026,0.501,27.315,6.239,93.495,8.036,30.719,47.317,1.864,0,0,0
2023-11-21 18:30:00,10.89,15.07,3.011,25.02,6.639,98.288,8.014,35.421,53.633,4.044,0,0,0
2024-06-21 04:10:00,36.209,23.03,1.035,17.0,6.038,79.38487500000002,8.129,29.437,45.379,2.65,0,0,1
2024-01-27 00:20:00,10.26,306.495,1.992,27.954,6.002,92.113,7.939,32.131,49.317,3.534,0,0,0
2023-12-14 22:50:00,46.454,179.978,0.889,27.914,6.344,99.04,7.99,35.995,54.9,1.063,0,0,0
2024-02-05 00:00:00,2.093,259.556,2.576,29.963,5.176,81.483,7.945,31.779,48.881,3.048,0,0,0
2024-06-14 09:40:00,24.048,180.042,1.047,17.343,6.717,83.605,8.172,29.51,45.476,3.017,0,0,0
2024-03-02 03:10:00,14.736,28.545,1.065,28.863,5.726,88.395,8.079,31.46,48.396,7.098875,0,0,0
2024-03-11 20:40:00,5.949,325.146,4.206,25.107,7.169,103.076,8.144,30.001,46.253,2.956,0,0,0
2024-01-08 17:30:00,15.056,350.529,7.109625,27.794,7.949,110.677,8.036,30.243,46.737,3.395,0,0,0
2024-06-19 12:40:00,2.125,28.308,0.661,17.005,7.058,85.789,8.187,29.365,45.289,2.582,0,0,0
2024-05-28 18:40:00,18.309,93.89,1.505,21.1,6.83,90.815,8.125,28.752,44.435,4.708,0,0,0
2024-01-26 09:50:00,2.122,104.177,0.892,27.954,6.005,92.272,7.954,31.977,49.09,2.945,0,0,0
2024-02-25 14:20:00,27.633,25.804,3.381,27.694,7.082,104.057,8.135,26.034,40.808,3.594,0,0,0
2024-02-18 21:10:00,3.712,147.685,6.482,27.879,7.854,111.837,8.145,20.175499999999996,32.10987500000001,5.525,1,1,0
2024-01-29 18:50:00,7.846,68.848,2.309,27.995,6.487,102.238,7.948,31.27,48.194,6.296,0,0,0
2024-06-21 12:40:00,28.682,38.853,1.057,17.102,7.483,92.685,8.205,29.466,45.417,3.705,0,0,0
2024-02-13 07:40:00,11.28,66.357,1.836,26.545,6.177,90.633,7.94,29.261,45.276,3.989,0,0,0
2024-03-12 09:30:00,49.18275,123.222,1.661,24.529,6.852,97.059,8.092,29.124,45.023,3.133,0,0,0
2024-05-28 11:20:00,32.784,263.656,2.79,20.716,6.758,89.307,8.138,28.887,44.619,7.088,0,0,0
2024-05-22 14:20:00,49.18275,186.762,1.189,20.424,7.427,97.681,8.17,28.99,44.757,7.098875,0,0,0
2023-11-19 03:30:00,38.469,198.262,1.54,24.202,6.102,92.891,8.019,35.894,54.245,5.348,0,0,0
2024-04-07 09:50:00,44.533,240.75,1.559,26.466,6.028,89.77,8.151,32.153,49.252,5.499,0,0,0
2023-12-27 16:30:00,31.452,74.033,3.007,27.658,6.641,102.633,7.984,33.738,51.474,1.479,0,0,0
2024-01-30 05:10:00,3.985,136.491,2.132,27.995,6.037,92.435,7.932,29.404,45.568,2.676,0,0,0
2024-03-18 10:50:00,20.736,229.802,0.919,25.594,6.018,87.535,8.08,30.583,47.069,2.101,0,0,0
2023-12-18 22:40:00,18.505,33.281,1.053,27.978,6.008,92.658,7.949,35.742,54.195,0.876,0,0,0
2024-03-18 23:50:00,18.95,213.708,0.464,26.715,6.556,97.212,8.073,30.61,47.144,1.996,0,0,0
2024-01-28 03:50:00,6.256,10.937,1.438,27.954,6.006,94.31,7.929,32.468,49.797,3.808,0,0,0
2024-03-09 00:10:00,13.816,209.27,1.636,25.937,6.667,97.78,8.138,31.009,47.666,3.204,0,0,0
2023-12-23 16:40:00,32.386,94.786,4.717,28.0,8.022,110.35,8.032,33.773,51.554,1.827,0,0,1
2023-11-22 09:00:00,30.746,208.683,1.343,24.842,6.624,97.601,8.018,35.115,53.215,4.044,0,0,0
2024-05-25 18:10:00,38.401,338.338,4.781,21.123,7.551,100.224,8.142,28.365,43.898,4.018,0,0,0
2024-01-11 18:10:00,20.036,246.772,4.703,27.917,7.354,111.649,7.981,30.747,47.446,3.462,0,0,0
2023-08-31 05:30:00,2.622,147.635,1.492,19.987,6.929,93.657,8.12,34.986,52.953,1.379,0,0,0
2023-12-07 17:30:00,8.051,136.055,2.317,27.958,6.687,107.87,7.963,35.743,54.269,1.182,0,0,0
